{
  "object": {
    "material": "iron",
    "shape": "cube",
    "mass_kg": 0.9842500000000002,
    "dimensions_m": {
      "height": 0.05,
      "width": 0.05,
      "depth": 0.05
    },
    "volume_m3": 0.00012500000000000003,
    "density_kg_m3": 7874.0,
    "num_atoms": 1.0617583603020497e+25
  },
  "hierarchy": {
    "levels": [
      "Planck",
      "Quark",
      "Pr\u00f3ton",
      "N\u00facleo",
      "\u00c1tomo",
      "C\u00e9lula Unit\u00e1ria",
      "Objeto Macro"
    ],
    "radii_m": [
      1.616255e-35,
      1.1627534549679794e-23,
      8.41e-16,
      4.591034838653733e-15,
      1.26e-10,
      1.433e-10,
      0.03101752454497001
    ],
    "jump_factors": [
      719412131729.2007,
      72328316.58394513,
      5.459018833119778,
      27444.79282517229,
      1.1373015873015873,
      216451671.6327286
    ],
    "quantities": {
      "Objeto Macro": 1,
      "C\u00e9lula Unit\u00e1ria": 5309840244843248487497728,
      "\u00c1tomo": 10619680489686496974995456,
      "Pr\u00f3ton": 276111692731848934234783744,
      "Quark": 828335078195546768344612864,
      "Planck": "Incont\u00e1vel"
    }
  }
}