{
  "object": {
    "material": "gold",
    "shape": "sphere",
    "mass_kg": 10.10545636904717,
    "dimensions_m": {
      "height": 0.1,
      "width": 0.1,
      "depth": 0.1
    },
    "volume_m3": 0.0005235987755982989,
    "density_kg_m3": 19300.0,
    "num_atoms": 3.0903536296780335e+25
  },
  "hierarchy": {
    "levels": [
      "Planck",
      "Quark",
      "Pr\u00f3ton",
      "N\u00facleo",
      "\u00c1tomo",
      "C\u00e9lula Unit\u00e1ria",
      "Objeto Macro"
    ],
    "radii_m": [
      1.616255e-35,
      1.1627534549679794e-23,
      8.41e-16,
      6.982377440996353e-15,
      1.35e-10,
      2.039e-10,
      0.05000000000000001
    ],
    "jump_factors": [
      719412131729.2007,
      72328316.58394513,
      8.302470203325033,
      19334.388772420203,
      1.5103703703703704,
      245218244.23737133
    ],
    "quantities": {
      "Objeto Macro": 1,
      "C\u00e9lula Unit\u00e1ria": 7720704984836651190583296,
      "\u00c1tomo": 30882819939346604762333184,
      "Pr\u00f3ton": 2439742775208381797699158016,
      "Quark": 7319228325625144843341660160,
      "Planck": "Incont\u00e1vel"
    }
  }
}