{
  "object": {
    "material": "iron",
    "shape": "sphere",
    "mass_kg": 0.0041228167590610055,
    "dimensions_m": {
      "height": 0.01,
      "width": 0.01,
      "depth": 0.01
    },
    "volume_m3": 5.235987755982989e-07,
    "density_kg_m3": 7874.0,
    "num_atoms": 4.447483019483285e+22
  },
  "hierarchy": {
    "levels": [
      "Planck",
      "Quark",
      "Pr\u00f3ton",
      "N\u00facleo",
      "\u00c1tomo",
      "C\u00e9lula Unit\u00e1ria",
      "Objeto Macro"
    ],
    "radii_m": [
      1.616255e-35,
      1.1627534549679794e-23,
      8.41e-16,
      4.591034838653733e-15,
      1.26e-10,
      1.433e-10,
      0.005000000000000002
    ],
    "jump_factors": [
      719412131729.2007,
      72328316.58394513,
      5.459018833119778,
      27444.79282517229,
      1.1373015873015873,
      34891835.310537346
    ],
    "quantities": {
      "Objeto Macro": 1,
      "C\u00e9lula Unit\u00e1ria": 22241806806579966640128,
      "\u00c1tomo": 44483613613159933280256,
      "Pr\u00f3ton": 1156573953942158315618304,
      "Quark": 3469721861826474678419456,
      "Planck": "Incont\u00e1vel"
    }
  }
}