{
  "object": {
    "material": "carbon",
    "shape": "cylinder",
    "mass_kg": 0.05513495107050088,
    "dimensions_m": {
      "height": 0.05,
      "width": 0.02,
      "depth": 0.02
    },
    "volume_m3": 1.5707963267948967e-05,
    "density_kg_m3": 3510.0,
    "num_atoms": 2.7706005563065766e+24
  },
  "hierarchy": {
    "levels": [
      "Planck",
      "Quark",
      "Pr\u00f3ton",
      "N\u00facleo",
      "\u00c1tomo",
      "C\u00e9lula Unit\u00e1ria",
      "Objeto Macro"
    ],
    "radii_m": [
      1.616255e-35,
      1.1627534549679794e-23,
      8.41e-16,
      2.7473141821279966e-15,
      7e-11,
      1.7835e-10,
      0.015536162529769299
    ],
    "jump_factors": [
      719412131729.2007,
      72328316.58394513,
      3.266723165431625,
      25479.430221475384,
      2.547857142857143,
      87110527.22046144
    ],
    "quantities": {
      "Objeto Macro": 1,
      "C\u00e9lula Unit\u00e1ria": 346107132327188974534656,
      "\u00c1tomo": 1384428529308755898138624,
      "Pr\u00f3ton": 8306571175852535388831744,
      "Quark": 24919713527557608313978880,
      "Planck": "Incont\u00e1vel"
    }
  }
}